{
  "drizzle-version": "3.0.0",
  "drizzle-global": {
    "state": {
      "showCounts": false,
      "flatSchemas": false,
      "dataFormats": null,
      "expandSubviews": false
    },
    "version": 0
  },
  "drizzle-db-40135159-postgresql://neondb_owner:npg_PwD0pSvGTBH4@ep-square-hall-a46tqfaq.us-east-1.aws.neon.tech/neondb?sslmode=require": {
    "state": {
      "styleMode": "default",
      "currentPage": "main",
      "filterViews": {},
      "isSidebarOpen": true,
      "isShowSidebarContent": true,
      "filtersVisible": false,
      "sidebarWidth": 268,
      "currentSchemaName": "public",
      "currentTable": {
        "id": "public.case_studies",
        "type": "table",
        "name": "case_studies",
        "schema": "public",
        "createdRecords": [],
        "editedFields": [],
        "filters": [],
        "pagination": {
          "limit": 50,
          "offset": 0
        },
        "records": [],
        "sort": null,
        "columnSettings": {},
        "historyId": "hFZfECIuH1aU9xl0tQzKT",
        "executionTime": 55.799999952316284
      }
    },
    "version": 1
  }
}